"date","close","volume","open","high","low"

"2019/05/31","275.2700","86862780.0000","276.2000","277.1200","275.2400"
"2019/05/30","279.0300","62523780.0000","279.1100","280.0400","277.8050"
"2019/05/29","278.2700","104972900.0000","278.9100","279.3600","276.7100"
"2019/05/28","280.1500","70029360.0000","283.0900","284.1500","280.1300"
"2019/05/24","282.7800","55268100.0000","283.7400","284.2000","282.0900"
"2019/05/23","282.1400","98733850.0000","283.1600","283.2100","280.5700"
"2019/05/22","285.6300","49482470.0000","285.4500","286.6900","285.1000"
"2019/05/21","286.5100","46847090.0000","285.8300","286.9300","285.5500"
"2019/05/20","283.9500","62877610.0000","284.0600","285.4300","283.1200"
"2019/05/17","285.8400","100353000.0000","285.1400","288.6000","285.1210"
"2019/05/16","287.7000","76749640.0000","285.8400","289.2100","285.7600"
"2019/05/15","285.0600","73956410.0000","281.5900","285.7700","281.3600"
"2019/05/14","283.4000","77003230.0000","281.9900","285.1000","281.8500"
"2019/05/13","280.8600","127290500.0000","282.4200","283.4900","279.9300"
"2019/05/10","288.1000","112429300.0000","285.6200","288.9400","282.3000"
"2019/05/09","286.6600","103471100.0000","285.2300","287.3300","283.3000"
"2019/05/08","287.5300","91568290.0000","287.5300","289.4300","286.8700"
"2019/05/07","287.9300","144729900.0000","290.1500","290.8100","285.8100"
"2019/05/06","292.8200","107198100.0000","289.2500","293.3100","288.9000"
"2019/05/03","294.0300","56543650.0000","292.8200","294.3400","291.3000"
"2019/05/02","291.1800","65030170.0000","291.6800","292.7000","289.5200"
"2019/05/01","291.8100","71671870.0000","294.7200","294.9500","291.8000"
"2019/04/30","294.0200","78594690.0000","293.4900","294.3400","291.9200"
"2019/04/29","293.8700","57043380.0000","293.5100","294.4500","293.4100"
"2019/04/26","293.4100","50868100.0000","292.1000","293.4900","291.2401"
"2019/04/25","292.0500","57578550.0000","292.1200","292.7800","290.7300"
"2019/04/24","292.2300","49470960.0000","292.7900","293.1600","292.0700"
"2019/04/23","292.8800","52136160.0000","290.6800","293.1400","290.4200"
"2019/04/22","290.2700","39992680.0000","289.1700","290.4350","289.0700"
"2019/04/18","290.0200","68662280.0000","290.1000","290.3200","288.6600"
"2019/04/17","289.4500","58028490.0000","291.4000","291.4250","288.9900"
"2019/04/16","290.1600","52066270.0000","290.9500","291.0100","289.5000"
"2019/04/15","289.9700","49795630.0000","290.2400","290.3500","289.0750"
"2019/04/12","290.1600","69638530.0000","290.0000","290.4700","288.2610"
"2019/04/11","288.2100","54940520.0000","288.8300","288.8400","287.5780"
"2019/04/10","288.2900","52463390.0000","287.7700","288.3899","287.3100"
"2019/04/09","287.3100","66072820.0000","287.7200","288.0800","286.7000"
"2019/04/08","288.7900","53462150.0000","288.1000","288.9100","287.3700"
"2019/04/05","288.5700","58454610.0000","287.9200","288.6300","287.6000"
"2019/04/04","287.1800","48868830.0000","286.7800","287.4590","286.0100"
"2019/04/03","286.4200","68027480.0000","287.3200","287.7600","285.7500"
"2019/04/02","285.9700","39939210.0000","286.0400","286.2300","285.0900"
"2019/04/01","285.8300","77289510.0000","284.7000","286.1600","284.4000"
"2019/03/29","282.4800","81882480.0000","282.3900","282.8400","281.1400"
"2019/03/28","280.7100","55987830.0000","280.3500","281.2100","279.0700"
"2019/03/27","279.6500","72092750.0000","281.1100","281.7600","277.9300"
"2019/03/26","281.1200","67884060.0000","280.9900","282.1800","279.5600"
"2019/03/25","279.0400","84898680.0000","278.8700","280.1853","277.6400"
"2019/03/22","279.2500","122400900.0000","283.2200","283.8034","279.1800"
"2019/03/21","284.7300","79394020.0000","280.6400","285.1800","280.5900"
"2019/03/20","281.5500","84349430.0000","282.1600","283.5000","280.3200"
"2019/03/19","282.4000","90060530.0000","283.5100","284.3600","281.4100"
"2019/03/18","282.3300","61813150.0000","281.5500","282.6600","281.3000"
"2019/03/15","281.3100","80558110.0000","280.5400","282.2100","280.3300"
"2019/03/14","281.1600","67354180.0000","281.3700","281.8400","280.6662"
"2019/03/13","281.3400","80111580.0000","280.4800","282.3800","280.3000"
"2019/03/12","279.4900","79432230.0000","279.0600","280.0700","278.8500"
"2019/03/11","278.4400","64752480.0000","275.2600","278.6200","275.2300"
"2019/03/08","274.4600","85634780.0000","272.9400","274.6500","272.4200"
"2019/03/07","275.0100","94692650.0000","276.8300","276.9900","274.0700"
"2019/03/06","277.3300","74824560.0000","279.1500","279.1600","276.9700"
"2019/03/05","279.0200","58813100.0000","279.5400","279.7600","278.4100"
"2019/03/04","279.4000","106181700.0000","281.6000","281.8700","276.8400"
"2019/03/01","280.4200","77586110.0000","280.4400","280.8800","278.8200"
"2019/02/28","278.6800","69048080.0000","278.9600","279.4500","278.3200"
"2019/02/27","279.2000","56131350.0000","278.5200","279.5900","277.4800"
"2019/02/26","279.3200","56491990.0000","279.1300","280.3000","278.9000"
"2019/02/25","279.5200","68642630.0000","280.7300","281.3100","279.4300"
"2019/02/22","279.1400","77132070.0000","278.1100","279.3600","277.4029"
"2019/02/21","277.4200","63984460.0000","277.7000","278.1000","276.3450"
"2019/02/20","278.4100","76479570.0000","277.8100","278.9200","277.2500"
"2019/02/19","277.8500","58802310.0000","276.4810","278.5800","276.4700"
"2019/02/15","277.3700","96744830.0000","276.3600","277.4100","276.1300"
"2019/02/14","274.3800","82409970.0000","273.7800","275.6400","272.8700"
"2019/02/13","274.9900","64930780.0000","275.0300","275.9300","274.5600"
"2019/02/12","274.1000","71990420.0000","272.4200","274.5200","272.3400"
"2019/02/11","270.6200","67807910.0000","271.2000","271.4900","270.0300"
"2019/02/08","270.4700","75742440.0000","268.7500","270.5800","267.8300"
"2019/02/07","270.1400","95030290.0000","270.9400","271.5500","268.2900"
"2019/02/06","272.7400","58009950.0000","272.7900","273.3400","271.9200"
"2019/02/05","273.1000","79447070.0000","272.4400","273.4400","271.8800"
"2019/02/04","271.9600","60610790.0000","270.1100","272.0300","269.3600"
"2019/02/01","270.0600","85738850.0000","270.1500","271.2000","269.1800"
"2019/01/31","269.9300","103347200.0000","267.5100","270.4700","267.2700"
"2019/01/30","267.5800","92069900.0000","265.1000","268.5200","264.2500"
"2019/01/29","263.4100","65024130.0000","263.9200","264.5500","262.4800"
"2019/01/28","263.7600","85027280.0000","263.3900","263.8300","261.7900"
"2019/01/25","265.7800","96838230.0000","265.6100","266.7000","263.6595"
"2019/01/24","263.5500","58643080.0000","263.2100","264.2000","262.0800"
"2019/01/23","263.4100","84305190.0000","264.0100","264.7900","260.6600"
"2019/01/22","262.8600","115253300.0000","264.8200","265.0600","261.0600"
"2019/01/18","266.4600","124175900.0000","264.9800","266.9800","262.9980"
"2019/01/17","262.9600","94873800.0000","260.0100","263.9200","259.9600"
"2019/01/16","260.9800","77489420.0000","260.8300","261.9666","260.6000"
"2019/01/15","260.3500","84892580.0000","257.8200","260.7000","257.8100"
"2019/01/14","257.4000","69913980.0000","256.8600","258.3000","256.4100"
"2019/01/11","258.9800","72812270.0000","257.6800","259.0098","257.0300"
"2019/01/10","258.8800","96462500.0000","256.2600","259.1600","255.5000"
"2019/01/09","257.9700","94640560.0000","257.5600","258.9100","256.1900"
"2019/01/08","256.7700","101804900.0000","256.8200","257.3100","254.0000"
"2019/01/07","254.3800","102307400.0000","252.6900","255.9500","251.6900"
"2019/01/04","252.3900","142444500.0000","247.5900","253.1100","247.1700"
"2019/01/03","244.2100","142029300.0000","248.2300","248.5700","243.6700"
"2019/01/02","250.1800","126041700.0000","245.9800","251.2100","245.9500"
"2018/12/31","249.9200","143399900.0000","249.5600","250.1900","247.4700"
"2018/12/28","247.7500","152931300.0000","249.5800","251.4000","246.4500"
"2018/12/27","248.0700","184664900.0000","242.5700","248.2900","238.9600"
"2018/12/26","246.1800","217567600.0000","235.9700","246.1800","233.7600"
"2018/12/24","234.3400","147311600.0000","239.0400","240.8355","234.2700"
"2018/12/21","240.7000","252779300.0000","246.7400","249.7100","239.9800"
"2018/12/20","247.1700","247438000.0000","249.8600","251.6200","244.6500"
"2018/12/19","251.2600","214312900.0000","255.1700","259.4000","249.3500"
"2018/12/18","255.0800","133073600.0000","257.2000","257.9500","253.2800"
"2018/12/17","255.3600","165088800.0000","259.4000","260.6500","253.5250"
"2018/12/14","260.4700","116727700.0000","262.9600","264.0300","259.8500"
"2018/12/13","265.3700","96168730.0000","266.5200","267.4900","264.1200"
"2018/12/12","265.4600","97670090.0000","267.4700","269.0000","265.3700"
"2018/12/11","264.1300","120632500.0000","267.6600","267.8700","262.4800"
"2018/12/10","264.0700","151022400.0000","263.3700","265.1613","258.6200"
"2018/12/07","263.5700","160872400.0000","269.4600","271.2200","262.6300"
"2018/12/06","269.8400","203716500.0000","265.9200","269.9700","262.4400"
"2018/12/04","270.2500","176092500.0000","278.3700","278.8500","269.9000"
"2018/12/03","279.3000","102782300.0000","280.2800","280.4000","277.5050"
"2018/11/30","275.6500","95107720.0000","273.8100","276.2800","273.4500"
"2018/11/29","273.9800","81616860.0000","273.7100","275.5500","272.4300"
"2018/11/28","274.5800","127124600.0000","269.6000","274.5800","268.3272"
"2018/11/27","268.4000","75273810.0000","266.3400","268.4000","265.6600"
"2018/11/26","267.5000","79705470.0000","265.7800","267.7500","265.3400"
"2018/11/23","263.2500","42807880.0000","263.1800","264.8234","263.0700"
"2018/11/21","265.0200","73868530.0000","265.8600","267.1500","265.0100"
"2018/11/20","264.1200","135506200.0000","265.3600","267.0000","263.1500"
"2018/11/19","269.1000","102555300.0000","273.0500","273.3800","268.0700"
"2018/11/16","273.7300","126601900.0000","271.7900","274.7500","271.2100"
"2018/11/15","273.0200","134732600.0000","268.7800","273.5400","267.0102"
"2018/11/14","270.2000","124389400.0000","274.1600","274.6100","268.4500"
"2018/11/13","272.0600","97769120.0000","273.0900","275.3250","271.2500"
"2018/11/12","272.5700","99129960.0000","277.1900","277.4600","271.9900"
"2018/11/09","277.7600","98751520.0000","279.0300","279.2400","276.1800"
"2018/11/08","280.5000","65315460.0000","280.1100","281.2200","279.2200"
"2018/11/07","281.0100","102473700.0000","277.5600","281.1000","277.0800"
"2018/11/06","275.1200","58983590.0000","273.3200","275.3000","273.2500"
"2018/11/05","273.3900","65439740.0000","272.4400","274.0100","271.3500"
"2018/11/02","271.8900","122439600.0000","274.7500","275.2300","269.5900"
"2018/11/01","273.5100","98741380.0000","271.6000","273.7300","270.3800"
"2018/10/31","270.6300","127608600.0000","270.6500","273.2300","270.1200"
"2018/10/30","267.7700","156591000.0000","263.6700","268.1200","263.1200"
"2018/10/29","263.8600","159000800.0000","268.8000","270.2500","259.8500"
"2018/10/26","265.3300","201334300.0000","265.9200","271.0000","262.2900"
"2018/10/25","270.0800","137407500.0000","267.3800","271.8100","266.2300"
"2018/10/24","265.3200","175529100.0000","273.3300","273.7600","264.7000"
"2018/10/23","273.6100","145303800.0000","270.9500","274.8700","268.6100"
"2018/10/22","275.0100","82135740.0000","277.0000","277.3600","274.4100"
"2018/10/19","276.2500","139420600.0000","277.1300","279.3000","275.4700"
"2018/10/18","276.4000","134193100.0000","279.4000","280.0700","274.9700"
"2018/10/17","280.4500","110264900.0000","280.4400","281.1500","277.5600"
"2018/10/16","280.4000","118066700.0000","276.6000","280.8200","276.0700"
"2018/10/15","274.4000","101950500.0000","275.5500","277.0400","274.3000"
"2018/10/12","275.9500","182875500.0000","276.7700","277.0900","272.3700"
"2018/10/11","272.1700","272817700.0000","277.0800","278.9000","270.3600"
"2018/10/10","278.3000","211986800.0000","286.8300","286.9100","277.8800"
"2018/10/09","287.4000","74119800.0000","287.3900","288.8600","286.7700"
"2018/10/08","287.8200","87632150.0000","287.0500","288.2200","285.5000"
"2018/10/05","287.8200","105802000.0000","289.6900","290.2700","286.2200"
"2018/10/04","289.4400","111364900.0000","291.1800","291.2400","287.6600"
"2018/10/03","291.7200","64562270.0000","292.7400","293.2100","291.3200"
"2018/10/02","291.5600","47142170.0000","291.5600","292.3550","291.1400"
"2018/10/01","291.7300","61989950.0000","292.1100","292.9300","290.9800"
"2018/09/28","290.7200","70041610.0000","289.9900","291.2800","289.9500"
"2018/09/27","290.6900","59169340.0000","290.4100","291.9100","290.1000"
"2018/09/26","289.8800","79534430.0000","290.9100","292.2400","289.4100"
"2018/09/25","290.7500","44311990.0000","291.5300","291.6500","290.4833"
"2018/09/24","291.0200","53235550.0000","291.3400","291.5000","290.3700"
"2018/09/21","291.9900","105393700.0000","293.0900","293.2200","291.8100"
"2018/09/20","293.5800","100066700.0000","292.6400","293.9400","291.2363"
"2018/09/19","291.2200","48973100.0000","290.9700","291.6900","290.8250"
"2018/09/18","290.9100","61839370.0000","289.5800","291.5800","289.5500"
"2018/09/17","289.3400","67988580.0000","290.8200","290.8600","289.0300"
"2018/09/14","290.8800","54931910.0000","291.0600","291.2700","290.0000"
"2018/09/13","290.8300","50918630.0000","290.3200","291.0384","289.9950"
"2018/09/12","289.1200","59732730.0000","289.0600","289.8000","288.2300"
"2018/09/11","289.0500","50392160.0000","287.3700","289.5500","286.9750"
"2018/09/10","288.1000","49916740.0000","288.7400","289.0400","287.8800"
"2018/09/07","287.6000","72113310.0000","286.9800","288.7000","286.7100"
"2018/09/06","288.1600","65822170.0000","289.1500","289.4900","287.0000"
"2018/09/05","289.0300","71962480.0000","289.4100","289.6400","287.8900"
"2018/09/04","289.8100","57127320.0000","289.8400","290.2100","288.6800"
"2018/08/31","290.3100","65239910.0000","289.8400","290.8100","289.2900"
"2018/08/30","290.3000","61132280.0000","290.9400","291.3600","289.6300"
"2018/08/29","291.4800","61428440.0000","290.1600","291.7400","289.8854"
"2018/08/28","289.9200","46825850.0000","290.3000","290.4175","289.4000"
"2018/08/27","289.7800","56960210.0000","288.8600","289.9000","288.6800"
"2018/08/24","287.5100","57455140.0000","286.4400","287.6700","286.3800"
"2018/08/23","285.7900","49159070.0000","285.9700","286.9400","285.4300"
"2018/08/22","286.1700","44860080.0000","285.8800","286.7600","285.5750"
"2018/08/21","286.3400","66735600.0000","286.2500","287.3100","285.7135"
"2018/08/20","285.6700","39617170.0000","285.5700","285.9700","285.0600"
"2018/08/17","285.0600","65486180.0000","283.8300","285.5601","283.3700"
"2018/08/16","284.0600","69735140.0000","283.4000","285.0400","283.3600"
"2018/08/15","281.7800","102770900.0000","282.3800","282.5400","280.1600"
"2018/08/14","283.9000","43699800.0000","282.9200","284.1700","282.4833"
"2018/08/13","282.1000","65603520.0000","283.4700","284.1600","281.7700"
"2018/08/10","283.1600","76861430.0000","283.4500","284.0550","282.3600"
"2018/08/09","285.0700","35577000.0000","285.5300","285.9700","284.9150"
"2018/08/08","285.4600","41980470.0000","285.3900","285.9100","284.9400"
"2018/08/07","285.5800","43055550.0000","285.3900","286.0100","285.2400"
"2018/08/06","284.6400","39089820.0000","283.6400","284.9900","283.2015"
"2018/08/03","283.6000","53903840.0000","282.5300","283.6577","282.3300"
"2018/08/02","282.3900","63362570.0000","279.3900","282.5800","279.1600"
"2018/08/01","280.8600","53750270.0000","281.5600","282.1300","280.1315"
"2018/07/31","281.3300","68048690.0000","280.8100","282.0200","280.3800"
"2018/07/30","279.9500","63129490.0000","281.5100","281.6900","279.3600"
"2018/07/27","281.4200","76745550.0000","283.7100","283.8200","280.3800"
"2018/07/26","283.3400","57764990.0000","283.2000","284.1100","283.0900"
"2018/07/25","284.0100","78136310.0000","281.3300","284.3700","281.2800"
"2018/07/24","281.6100","67830670.0000","281.7900","282.5600","280.6300"
"2018/07/23","280.2000","46971110.0000","279.4500","280.4300","279.0600"
"2018/07/20","279.6800","83120620.0000","279.7700","280.4800","279.5000"
"2018/07/19","280.0000","61337540.0000","280.3100","280.7400","279.4600"
"2018/07/18","281.0600","44475860.0000","280.5600","281.1800","280.0600"
"2018/07/17","280.4700","52171530.0000","278.4700","280.9100","278.4100"
"2018/07/16","279.3400","48070320.0000","279.6400","279.8030","278.8400"
"2018/07/13","279.5900","48211510.0000","279.1700","279.9300","278.6600"
"2018/07/12","279.3700","59986150.0000","278.2800","279.4300","277.6000"
"2018/07/11","276.8600","76905490.0000","277.1500","278.0400","276.5200"
"2018/07/10","278.9000","51162450.0000","278.4100","279.0100","278.0800"
"2018/07/09","277.9000","49652160.0000","276.5500","277.9600","276.5000"
"2018/07/06","275.4200","66414600.0000","273.1400","275.8400","272.7150"
"2018/07/05","273.1100","56621680.0000","272.1700","273.1800","270.9600"
"2018/07/03","270.9000","42187070.0000","272.8700","272.9800","270.4200"
"2018/07/02","271.8600","63370550.0000","269.5100","272.0400","269.2400"
"2018/06/29","271.2800","97444490.0000","272.1200","273.6600","271.1495"
"2018/06/28","270.8900","76511740.0000","269.2900","271.7500","268.4900"
"2018/06/27","269.3500","104838900.0000","272.2600","273.8650","269.1800"
"2018/06/26","271.6000","68525150.0000","271.6400","272.5600","270.7900"
"2018/06/25","271.0000","137668700.0000","273.4400","273.6162","269.1000"
"2018/06/22","274.7400","56516380.0000","275.6600","275.7850","274.4900"
"2018/06/21","274.2400","70864990.0000","275.9600","275.9800","273.6800"
"2018/06/20","275.9700","53652060.0000","276.2700","276.7200","275.5900"
"2018/06/19","275.5000","97395160.0000","274.0000","275.7500","273.5300"
"2018/06/18","276.5600","52549580.0000","275.4900","276.7000","274.9500"
"2018/06/15","277.1300","119448800.0000","276.6000","277.5100","275.3500"
"2018/06/14","278.7300","76394330.0000","279.0100","279.3300","278.0599"
"2018/06/13","278.0300","78889800.0000","279.1900","279.4800","277.8000"
"2018/06/12","278.9200","72240090.0000","279.0300","279.3300","278.1900"
"2018/06/11","278.5600","58757260.0000","278.4400","279.3700","278.3100"
"2018/06/08","278.1900","71981550.0000","276.8500","278.2500","276.6600"
"2018/06/07","277.3700","72882070.0000","277.9500","278.2800","276.3400"
"2018/06/06","277.4000","62498610.0000","275.7900","277.5200","275.0900"
"2018/06/05","275.1000","50988090.0000","275.0500","275.5300","274.1800"
"2018/06/04","274.9000","45188240.0000","274.5300","275.1850","274.2600"
"2018/06/01","273.6000","71088010.0000","272.4100","273.9400","272.3300"
"2018/05/31","270.9400","93426970.0000","272.1500","272.4900","270.2550"
"2018/05/30","272.6100","69396900.0000","270.5000","273.1100","270.4200"
"2018/05/29","269.0200","115692100.0000","270.3100","271.1700","267.7600"
"2018/05/25","272.1500","56329040.0000","272.1500","272.8600","271.5800"
"2018/05/24","272.8000","75966080.0000","272.9100","273.2200","270.7800"
"2018/05/23","273.3600","64605540.0000","271.1700","273.3900","270.9900"
"2018/05/22","272.6100","52880880.0000","273.9600","274.2500","272.2400"
"2018/05/21","273.3700","57738110.0000","273.0100","273.9800","271.3512"
"2018/05/18","271.3300","64174990.0000","271.6200","272.0300","270.9300"
"2018/05/17","272.0100","56371150.0000","271.9400","273.2300","271.1300"
"2018/05/16","272.2400","53759700.0000","271.1400","272.7600","271.1100"
"2018/05/15","271.1000","86876380.0000","271.5900","271.6100","270.0300"
"2018/05/14","272.9800","54702570.0000","273.3400","274.0800","272.3600"
"2018/05/11","272.8500","59725680.0000","272.1600","273.1500","271.5800"
"2018/05/10","272.0200","70764000.0000","270.3400","272.3900","270.2200"
"2018/05/09","269.5000","59538590.0000","267.6800","269.8650","267.0900"
"2018/05/08","266.9200","67338050.0000","266.5000","267.3250","265.1500"
"2018/05/07","266.9200","55054350.0000","266.8900","268.0200","266.1100"
"2018/05/04","266.0200","91154240.0000","261.5200","266.7892","261.1500"
"2018/05/03","262.6200","136144700.0000","262.2600","263.3600","259.0500"
"2018/05/02","263.2000","85501550.0000","264.7600","265.6800","262.7600"
"2018/05/01","264.9800","75986700.0000","263.8700","265.1000","262.1100"
"2018/04/30","264.5100","80475460.0000","267.2600","267.8900","264.4300"
"2018/04/27","266.5600","57021920.0000","267.0000","267.3400","265.5000"
"2018/04/26","266.3100","67441210.0000","264.7900","267.2452","264.2900"
"2018/04/25","263.6300","103238300.0000","262.9100","264.1300","260.8500"
"2018/04/24","262.9800","112734000.0000","267.7300","267.9762","261.2800"
"2018/04/23","266.5700","65463180.0000","267.2600","267.8900","265.3500"
"2018/04/20","266.6100","99469420.0000","268.8100","269.0600","265.6100"
"2018/04/19","268.8900","77570630.0000","269.6500","269.8800","267.7200"
"2018/04/18","270.3900","57073780.0000","270.6900","271.3000","269.8700"
"2018/04/17","270.1900","64011070.0000","269.3300","270.8700","268.7500"
"2018/04/16","267.3300","62762920.0000","267.0000","268.2000","266.0700"
"2018/04/13","265.1500","84883690.0000","267.4100","267.5400","264.0100"
"2018/04/12","265.9300","68430410.0000","265.2600","267.0000","265.0600"
"2018/04/11","263.7600","91002710.0000","263.4700","265.6400","263.3900"
"2018/04/10","265.1500","105267300.0000","264.2700","266.0400","262.9800"
"2018/04/09","261.0000","104953500.0000","261.3700","264.8400","259.9356"
"2018/04/06","259.7200","179290700.0000","263.4200","265.1100","258.0000"
"2018/04/05","265.6400","80939550.0000","265.5500","266.6400","264.3200"
"2018/04/04","263.5600","123488600.0000","256.7500","264.3550","256.6000"
"2018/04/03","260.7700","119649600.0000","258.8700","261.3100","256.8400"
"2018/04/02","257.4700","185059000.0000","262.5500","263.1300","254.6700"
"2018/03/29","263.1500","123918900.0000","261.1200","265.2600","259.8389"
"2018/03/28","259.8300","146259600.0000","260.7500","262.6400","258.5800"
"2018/03/27","260.6000","129121800.0000","266.1700","266.7700","258.8400"
"2018/03/26","265.1100","141055300.0000","262.1300","265.4300","259.4100"
"2018/03/23","258.0500","183290800.0000","264.1700","265.0200","257.8300"
"2018/03/22","263.6700","147715200.0000","267.9100","268.8700","263.3600"
"2018/03/21","270.4300","78515750.0000","270.9000","273.2700","270.1900"
"2018/03/20","270.9500","59438810.0000","270.9400","271.6700","270.1800"
"2018/03/19","270.4900","108516000.0000","273.3500","274.3957","268.6200"
"2018/03/16","274.2000","99805450.0000","274.5000","275.3900","274.1400"
"2018/03/15","275.0000","80722410.0000","275.8800","276.6100","274.4300"
"2018/03/14","275.3000","105737200.0000","277.8100","278.0200","274.6700"
"2018/03/13","276.7200","89639370.0000","279.8400","280.4100","276.0300"
"2018/03/12","278.5200","71759540.0000","279.2000","279.9100","278.0801"
"2018/03/09","278.8700","113447100.0000","275.7000","278.8700","275.3400"
"2018/03/08","274.1000","66585910.0000","273.5500","274.2400","272.4200"
"2018/03/07","272.7800","86910350.0000","270.4200","273.1800","270.2000"
"2018/03/06","272.8800","75247670.0000","273.3000","273.3900","271.1800"
"2018/03/05","272.1900","96744650.0000","267.7300","272.8900","267.6100"
"2018/03/02","269.0800","138968000.0000","265.8000","269.7200","264.8200"
"2018/03/01","267.7000","176457600.0000","271.4100","273.1700","266.0000"
"2018/02/28","271.6500","121488400.0000","275.6800","276.1900","271.2900"
"2018/02/27","274.4300","98302760.0000","278.1100","278.9200","274.3600"
"2018/02/26","277.9000","85166420.0000","275.9300","278.0100","275.2600"
"2018/02/23","274.7100","92045650.0000","271.7900","274.7100","271.2500"
"2018/02/22","270.4000","108484800.0000","271.1000","273.0500","269.6400"
"2018/02/21","270.0500","97671020.0000","271.9000","274.7200","269.9400"
"2018/02/20","271.4000","85431860.0000","272.0300","273.6700","270.5000"
"2018/02/16","273.1100","160341500.0000","272.3200","275.3200","272.2700"
"2018/02/15","273.0300","110226800.0000","271.5700","273.0400","268.7700"
"2018/02/14","269.5900","120406400.0000","264.3100","270.0000","264.3000"
"2018/02/13","266.0000","81055770.0000","263.9700","266.6200","263.3100"
"2018/02/12","265.3400","140752800.0000","263.8300","267.0100","261.6644"
"2018/02/09","261.5000","283273100.0000","260.8000","263.6100","252.9200"
"2018/02/08","257.6300","244841900.0000","268.0100","268.1700","257.5900"
"2018/02/07","267.6700","166678000.0000","268.5000","272.3600","267.5800"
"2018/02/06","269.1300","353681700.0000","259.9400","269.7000","258.7000"
"2018/02/05","263.9300","292453400.0000","273.4500","275.8500","263.3100"
"2018/02/02","275.4500","172897100.0000","280.0800","280.2300","275.4100"
"2018/02/01","281.5800","89757330.0000","281.0700","283.0600","280.6800"
"2018/01/31","281.9000","118655600.0000","282.7300","283.3000","280.6800"
"2018/01/30","281.7600","131479000.0000","282.6000","284.7360","281.2200"
"2018/01/29","284.6800","89891820.0000","285.9300","286.4300","284.5000"
"2018/01/26","286.5800","107598800.0000","284.2500","286.6285","283.9600"
"2018/01/25","283.3000","84342320.0000","284.1600","284.2700","282.4050"
"2018/01/24","283.1800","134617200.0000","284.0200","284.7000","281.8400"
"2018/01/23","283.2900","96892090.0000","282.7400","283.6200","282.3700"
"2018/01/22","282.6900","91146870.0000","280.1700","282.6900","280.1100"
"2018/01/19","280.4100","141303100.0000","279.8000","280.4100","279.1400"
"2018/01/18","279.1400","100397600.0000","279.4800","279.9600","278.5800"
"2018/01/17","279.6100","112844200.0000","278.0300","280.0500","276.9700"
"2018/01/16","276.9700","106269200.0000","279.3500","280.0900","276.1800"
"2018/01/12","277.9200","90463870.0000","276.4200","278.1100","276.0819"
"2018/01/11","276.1200","62236650.0000","274.7500","276.1200","274.5600"
"2018/01/10","274.1200","69394220.0000","273.6800","274.4200","272.9200"
"2018/01/09","274.5400","57114650.0000","274.4000","275.2500","274.0810"
"2018/01/08","273.9200","57116850.0000","273.3100","274.1000","272.9800"
"2018/01/05","273.4200","82724160.0000","272.5100","273.5600","271.9500"
"2018/01/04","271.6100","80455860.0000","271.2000","272.1600","270.5447"
"2018/01/03","270.4700","89133670.0000","268.9600","270.6400","268.9600"
"2018/01/02","268.7700","86408820.0000","267.8400","268.8100","267.4000"
"2017/12/29","266.8600","95651160.0000","268.5300","268.5500","266.6400"
"2017/12/28","267.8700","44797000.0000","267.8900","267.9200","267.4500"
"2017/12/27","267.3200","57677280.0000","267.3800","267.7300","267.0100"
"2017/12/26","267.1900","45106430.0000","267.0500","267.4377","266.8850"
"2017/12/22","267.5100","78657310.0000","267.6000","267.6350","266.9000"
"2017/12/21","267.5800","65925710.0000","267.7400","268.3850","267.3000"
"2017/12/20","267.0300","76604710.0000","268.2700","268.3300","266.6900"
"2017/12/19","267.1700","78001550.0000","268.4800","268.5300","267.0900"
"2017/12/18","268.2000","83360810.0000","268.1000","268.6000","267.9800"
"2017/12/15","266.5100","142356000.0000","265.4500","267.0400","265.3900"
"2017/12/14","265.6600","99647210.0000","267.0900","267.2200","265.6000"
"2017/12/13","266.7500","102819600.0000","267.0600","267.5600","266.6500"
"2017/12/12","266.7800","84494560.0000","266.5700","267.3200","266.3450"
"2017/12/11","266.3100","82848590.0000","265.5800","266.3800","265.4793"
"2017/12/08","265.5100","76301480.0000","264.9900","265.5200","264.0315"
"2017/12/07","264.0700","76832360.0000","263.0900","264.4300","262.9400"
"2017/12/06","263.2400","75513050.0000","262.8700","263.7300","262.7100"
"2017/12/05","263.1900","77839930.0000","264.4300","265.1500","263.0400"
"2017/12/04","264.1400","93827280.0000","266.3100","266.8000","264.0800"
"2017/12/01","264.4600","163874800.0000","264.7600","265.3100","260.7600"
"2017/11/30","265.0100","126401000.0000","263.7600","266.0500","263.6700"
"2017/11/29","262.7100","77179920.0000","263.0200","263.6300","262.2000"
"2017/11/28","262.8700","98662580.0000","260.7600","262.9000","260.6550"
"2017/11/27","260.2300","52070370.0000","260.4100","260.7500","260.0000"
"2017/11/24","260.3600","27856510.0000","260.3200","260.4800","260.1600"
"2017/11/22","259.7600","44890370.0000","260.0000","260.1500","259.5700"
"2017/11/21","259.9900","68920380.0000","259.1800","260.2000","258.2627"
"2017/11/20","258.3000","47835520.0000","258.1400","258.5250","257.8600"
"2017/11/17","257.8600","75679800.0000","258.2200","258.5882","257.7700"
"2017/11/16","258.6200","67487850.0000","257.5200","259.0400","257.4748"
"2017/11/15","256.4400","80248990.0000","256.6200","257.2200","255.6300"
"2017/11/14","257.7300","61082090.0000","257.4100","257.8500","256.5200"
"2017/11/13","258.3300","50040800.0000","257.3100","258.5900","257.2700"
"2017/11/10","258.0900","59830970.0000","257.7300","258.2926","257.3700"
"2017/11/09","258.1700","94490930.0000","257.7300","258.3900","256.3600"
"2017/11/08","259.1100","50277640.0000","258.4700","259.2200","258.1500"
"2017/11/07","258.6700","57178400.0000","258.9700","259.3500","258.0900"
"2017/11/06","258.8500","49529150.0000","258.3000","259.0000","258.2200"
"2017/11/03","258.4500","59484150.0000","257.7700","258.5000","257.3000"
"2017/11/02","257.5900","56264600.0000","257.4100","257.7500","256.1900"
"2017/11/01","257.4900","54104920.0000","258.0400","258.4300","257.0700"
"2017/10/31","257.1500","59193910.0000","257.1800","257.4400","256.8050"
"2017/10/30","256.7500","54223350.0000","257.0700","257.6000","256.4100"
"2017/10/27","257.7100","85252510.0000","256.4700","257.8900","255.6254"
"2017/10/26","255.6200","69643520.0000","255.9900","256.3000","255.4800"
"2017/10/25","255.2900","103485100.0000","256.1800","256.3100","254.0000"
"2017/10/24","256.5600","65036180.0000","256.6000","256.8300","256.1500"
"2017/10/23","256.1100","63838430.0000","257.4800","257.5100","256.0200"
"2017/10/20","257.1100","89064780.0000","256.7000","257.1400","255.7744"
"2017/10/19","255.7900","61697310.0000","254.8300","255.8300","254.3500"
"2017/10/18","255.7200","40613860.0000","255.9000","255.9500","255.5000"
"2017/10/17","255.4700","31446710.0000","255.2300","255.5200","254.9800"
"2017/10/16","255.2900","38097990.0000","255.2100","255.5100","254.8200"
"2017/10/13","254.9500","55027240.0000","255.1400","255.2700","254.6400"
"2017/10/12","254.6400","46825470.0000","254.6600","255.0600","254.3650"
"2017/10/11","255.0200","47496390.0000","254.5100","255.0200","254.3200"
"2017/10/10","254.6200","42854370.0000","254.6000","255.0500","253.9800"
"2017/10/09","253.9500","35697230.0000","254.6300","254.7000","253.6500"
"2017/10/06","254.3700","80525280.0000","254.1500","254.7008","253.8500"
"2017/10/05","254.6600","63350340.0000","253.5400","254.6800","253.1960"
"2017/10/04","253.1600","55799300.0000","252.6900","253.4400","252.5600"
"2017/10/03","252.8600","66628100.0000","252.4600","252.8900","252.2300"
"2017/10/02","252.3200","58696810.0000","251.4900","252.3200","251.2926"
"2017/09/29","251.2300","85201140.0000","250.3400","251.3200","250.1300"
"2017/09/28","250.3500","44658490.0000","249.7300","250.4400","249.6300"
"2017/09/27","250.0500","80720860.0000","249.8800","250.4900","248.8700"
"2017/09/26","249.0800","54025690.0000","249.4200","249.7000","248.8050"
"2017/09/25","248.9300","56897290.0000","249.1500","249.5532","248.0800"
"2017/09/22","249.4400","51187270.0000","249.0500","249.6300","249.0200"
"2017/09/21","249.3900","48070470.0000","249.8800","249.9800","249.1850"
"2017/09/20","250.0600","59451260.0000","250.0700","250.1900","248.9200"
"2017/09/19","249.9700","46977870.0000","250.0000","250.0700","249.6000"
"2017/09/18","249.7200","46389770.0000","249.6100","250.1200","249.2800"
"2017/09/15","249.1900","94195140.0000","248.6900","249.2900","248.5700"
"2017/09/14","250.0900","94415520.0000","249.8000","250.3200","249.6000"
"2017/09/13","250.1700","58999620.0000","249.7200","250.2100","249.5900"
"2017/09/12","250.0500","56617170.0000","249.6300","250.0900","249.4200"
"2017/09/11","249.2100","71248670.0000","248.0400","249.3000","248.0200"
"2017/09/08","246.5800","63733100.0000","246.5400","247.1100","246.3000"
"2017/09/07","246.8700","57769340.0000","247.2500","247.2700","246.4000"
"2017/09/06","246.9000","57577360.0000","246.8400","247.2800","246.2300"
"2017/09/05","246.0600","90176820.0000","247.2600","247.5200","244.9500"
"2017/09/01","247.8400","61928670.0000","247.9200","248.3300","247.6700"
"2017/08/31","247.4900","102987700.0000","246.7200","247.7700","246.0473"
"2017/08/30","246.0100","61742150.0000","244.8300","246.3200","244.6200"
"2017/08/29","244.8500","50873040.0000","243.0600","245.1500","242.9300"
"2017/08/28","244.5700","38914700.0000","245.1700","245.2000","244.0900"
"2017/08/25","244.5600","63764770.0000","244.9000","245.6100","244.3900"
"2017/08/24","243.9900","50537170.0000","245.0000","245.1800","243.7500"
"2017/08/23","244.5600","49991840.0000","244.3300","245.0500","244.1600"
"2017/08/22","245.4400","62968970.0000","243.5700","245.6200","243.5500"
"2017/08/21","242.9000","65355480.0000","242.6400","243.2000","241.8300"
"2017/08/18","242.7100","136647500.0000","242.9000","244.1890","242.2000"
"2017/08/17","243.0900","127904900.0000","246.2400","246.6000","243.0900"
"2017/08/16","246.9400","56456130.0000","247.1100","247.5700","246.4500"
"2017/08/15","246.5100","55046030.0000","246.9800","247.0000","246.1600"
"2017/08/14","246.5400","73068140.0000","245.5900","246.7900","245.5500"
"2017/08/11","244.1200","74719460.0000","244.0200","244.8000","243.7500"
"2017/08/10","243.7600","119874200.0000","246.2900","246.4400","243.7000"
"2017/08/09","247.2500","62302650.0000","246.4700","247.3100","246.0600"
"2017/08/08","247.2600","61437080.0000","247.5100","248.9100","246.8300"
"2017/08/07","247.8700","31853630.0000","247.4900","247.8700","247.3700"
"2017/08/04","247.4100","60164150.0000","247.5200","247.7900","246.9700"
"2017/08/03","246.9600","40725660.0000","247.3100","247.3400","246.6400"
"2017/08/02","247.4400","46641310.0000","247.4700","247.6000","246.3700"
"2017/08/01","247.3200","54942570.0000","247.4600","247.5000","246.7160"
"2017/07/31","246.7700","65446360.0000","247.3700","247.4800","246.5300"
"2017/07/28","246.9100","50018870.0000","246.6500","247.0600","246.1300"
"2017/07/27","247.2000","70410610.0000","247.9600","248.0000","245.6800"
"2017/07/26","247.4300","47318940.0000","247.7500","247.7900","247.1300"
"2017/07/25","247.4200","54492150.0000","247.6800","247.8000","247.1600"
"2017/07/24","246.8200","46497170.0000","246.7900","246.9800","246.2800"
"2017/07/21","246.8800","88656800.0000","246.4400","246.9100","246.1800"
"2017/07/20","247.1000","46994570.0000","247.2800","247.4200","246.4700"
"2017/07/19","246.9900","50876400.0000","246.0200","247.0000","246.0100"
"2017/07/18","245.6600","42462230.0000","245.0600","245.7200","244.6700"
"2017/07/17","245.5300","33455300.0000","245.4700","245.9100","245.3300"
"2017/07/14","245.5600","60218150.0000","244.4300","245.9700","244.3100"
"2017/07/13","244.4200","39374380.0000","244.0200","244.5500","243.7600"
"2017/07/12","244.0100","59173800.0000","243.3000","244.2000","243.3000"
"2017/07/11","242.1900","50246650.0000","242.1600","242.5500","240.8500"
"2017/07/10","242.3700","36531030.0000","241.9500","242.8000","241.7600"
"2017/07/07","242.1100","57080980.0000","241.2100","242.2800","240.5645"
"2017/07/06","240.5500","65968410.0000","241.8900","242.0300","240.3400"
"2017/07/05","242.7700","54252310.0000","242.6300","243.0100","241.7000"
"2017/07/03","242.2100","39153810.0000","242.8800","243.3800","242.2100"
"2017/06/30","241.8000","85199080.0000","242.2800","242.7100","241.5750"
"2017/06/29","241.3500","106617800.0000","243.6600","243.7200","239.9550"
"2017/06/28","243.4900","69904140.0000","242.5000","243.7150","242.2300"
"2017/06/27","241.3300","82144080.0000","243.0400","243.3800","241.3100"
"2017/06/26","243.2900","56556170.0000","243.9000","244.3800","243.0450"
"2017/06/23","243.1300","66839890.0000","242.9100","243.5100","242.4700"
"2017/06/22","242.8400","44068300.0000","242.9600","243.5300","242.6400"
"2017/06/21","242.9500","55784180.0000","243.4200","243.5900","242.4100"
"2017/06/20","243.0100","56516390.0000","244.2500","244.2600","242.9900"
"2017/06/19","244.6600","64836890.0000","243.5900","244.7300","243.4800"
"2017/06/16","242.6400","83932400.0000","242.7700","242.8300","241.6337"
"2017/06/15","243.7700","66366470.0000","242.6800","243.9100","242.3600"
"2017/06/14","244.2400","78152710.0000","244.8600","244.8700","243.2900"
"2017/06/13","244.5500","59719680.0000","243.9800","244.6100","243.5799"
"2017/06/12","243.3600","85851610.0000","243.1300","243.4200","242.3800"
"2017/06/09","243.4100","132130500.0000","244.0900","245.0100","241.9500"
"2017/06/08","243.7800","65450200.0000","243.7700","244.3300","243.1700"
"2017/06/07","243.6600","53896140.0000","243.6000","243.9200","242.8300"
"2017/06/06","243.2100","50250970.0000","243.3400","243.9800","243.1200"
"2017/06/05","243.9900","44657990.0000","243.9700","244.3000","243.7600"
"2017/06/02","244.1700","88562440.0000","243.4200","244.3500","243.0800"
"2017/06/01","243.3600","68657470.0000","241.9700","243.3800","241.6400"
"2017/05/31","241.4400","90456540.0000","241.8400","241.8800","240.6400"
"2017/05/30","241.5000","35144010.0000","241.3400","241.7900","241.1600"
"2017/05/26","241.7100","46547760.0000","241.5400","241.9000","241.4500"
"2017/05/25","241.7600","63952460.0000","241.2000","242.0800","240.9600"
"2017/05/24","240.6100","48761320.0000","240.3200","240.7300","239.9300"
"2017/05/23","240.0500","48239370.0000","239.9500","240.2400","239.5100"
"2017/05/22","239.5200","60274380.0000","238.9000","239.7100","238.8200"
"2017/05/19","238.3100","114380500.0000","237.3300","239.0800","237.2700"
"2017/05/18","236.7700","106885400.0000","235.7300","237.7500","235.4300"
"2017/05/17","235.8200","171445400.0000","238.1000","238.6400","235.7500"
"2017/05/16","240.0800","50523840.0000","240.6400","240.6700","239.6300"
"2017/05/15","240.3000","61242740.0000","239.4700","240.4400","239.4500"
"2017/05/12","238.9800","53812970.0000","239.0900","239.4273","238.6700"
"2017/05/11","239.3800","62232520.0000","239.3500","239.5700","238.1300"
"2017/05/10","239.8700","54209350.0000","239.3900","239.8700","239.1500"
"2017/05/09","239.4400","51126000.0000","239.9600","240.1900","239.0400"
"2017/05/08","239.6600","48260110.0000","239.7500","239.9200","239.1700"
"2017/05/05","239.7000","61561740.0000","239.1900","239.7200","238.6800"
"2017/05/04","238.7600","61322410.0000","238.8300","238.9225","237.7800"
"2017/05/03","238.4800","72846400.0000","238.2900","238.8775","237.7000"
"2017/05/02","238.7700","57123690.0000","238.8400","238.9800","238.3000"
"2017/05/01","238.6800","66588230.0000","238.6800","239.1700","238.1950"
"2017/04/28","238.0800","63426310.0000","238.9000","238.9300","237.9300"
"2017/04/27","238.6000","57144960.0000","238.7700","238.9500","237.9800"
"2017/04/26","238.4000","84210820.0000","238.5100","239.5300","238.3500"
"2017/04/25","238.5500","75528380.0000","237.9100","238.9500","237.8100"
"2017/04/24","237.1700","119008100.0000","237.1800","237.4100","234.5628"
"2017/04/21","234.5900","109896300.0000","235.2500","235.3100","234.1300"
"2017/04/20","235.3400","92306890.0000","234.1500","235.8450","233.7800"
"2017/04/19","233.4400","68254750.0000","234.5200","234.9500","233.1800"
"2017/04/18","233.8700","83143680.0000","233.7200","234.4900","233.0800"
"2017/04/17","234.5700","68153720.0000","233.1100","234.5700","232.8800"
"2017/04/13","232.5100","92625450.0000","233.6400","234.4900","232.5100"
"2017/04/12","234.0300","81393040.0000","234.7400","234.9600","233.7700"
"2017/04/11","235.0600","87804580.0000","234.9000","235.1800","233.3400"
"2017/04/10","235.3400","67526890.0000","235.3600","236.2550","234.7300"
"2017/04/07","235.2000","74345090.0000","235.1500","236.0000","234.6400"
"2017/04/06","235.4400","68962420.0000","234.9400","236.0400","234.4250"
"2017/04/05","234.7800","108227700.0000","236.2600","237.3900","234.5400"
"2017/04/04","235.4800","56303450.0000","235.0000","235.5800","234.5550"
"2017/04/03","235.3300","85424090.0000","235.8000","236.0300","233.9100"
"2017/03/31","235.7400","73482420.0000","235.9000","236.5100","235.6800"
"2017/03/30","236.2900","56658160.0000","235.4700","236.5200","235.2700"
"2017/03/29","235.5400","61043150.0000","234.9900","235.8100","234.7250"
"2017/03/28","235.3200","93370670.0000","233.2700","235.8100","233.1400"
"2017/03/27","233.6200","87245320.0000","231.9300","233.9200","231.6100"
"2017/03/24","233.8600","112400900.0000","234.3800","235.0400","232.9600"
"2017/03/23","234.0300","100172100.0000","234.0000","235.3400","233.6000"
"2017/03/22","234.2800","97233080.0000","233.7700","234.6100","233.0500"
"2017/03/21","233.7300","131204400.0000","237.4700","237.6100","233.5800"
"2017/03/20","236.7700","52529210.0000","237.0300","237.3600","236.3200"
"2017/03/17","237.0300","88284080.0000","237.7500","237.9700","237.0300"
"2017/03/16","238.4800","77761390.0000","239.1100","239.2000","238.1000"
"2017/03/15","238.9500","95071850.0000","237.5600","239.4400","237.2900"
"2017/03/14","236.9000","59838300.0000","237.1800","237.2400","236.1900"
"2017/03/13","237.8100","57058040.0000","237.6200","237.8600","237.2400"
"2017/03/10","237.6900","81757000.0000","237.9700","238.0200","236.5900"
"2017/03/09","236.8600","90332120.0000","236.7000","237.2400","235.7400"
"2017/03/08","236.5600","77619600.0000","237.3400","237.6400","236.4000"
"2017/03/07","237.0000","64807970.0000","237.3600","237.7700","236.7600"
"2017/03/06","237.7100","54424270.0000","237.5000","238.1200","237.0100"
"2017/03/03","238.4200","81726380.0000","238.1700","238.6100","237.7300"
"2017/03/02","238.2700","70152200.0000","239.5600","239.5700","238.2100"
"2017/03/01","239.7800","148882400.0000","238.3900","240.3200","238.3700"
"2017/02/28","236.4700","95717730.0000","236.6700","236.9500","236.0150"
"2017/02/27","237.1100","56404310.0000","236.6400","237.3100","236.3500"
"2017/02/24","236.7400","82311890.0000","235.4600","236.7932","235.4100"
"2017/02/23","236.4400","72812210.0000","236.8800","236.9000","235.5600"
"2017/02/22","236.2800","61918630.0000","236.0200","236.5400","235.8300"
"2017/02/21","236.4900","87736380.0000","235.5200","236.6900","235.5100"
"2017/02/17","235.0900","76881310.0000","233.9500","235.0900","233.9300"
"2017/02/16","234.7200","84574430.0000","234.9600","235.1550","233.8500"
"2017/02/15","234.9200","86213560.0000","233.4500","235.1400","233.3900"
"2017/02/14","233.7000","70023470.0000","232.5600","233.7100","232.1600"
"2017/02/13","232.7700","55023690.0000","232.0800","233.0700","232.0500"
"2017/02/10","231.5100","65951540.0000","231.0000","231.7700","230.6216"
"2017/02/09","230.6000","65823370.0000","229.5600","230.9500","229.5200"
"2017/02/08","229.2400","51381110.0000","228.6100","229.3900","228.3100"
"2017/02/07","228.9400","57818730.0000","229.3800","229.6556","228.7200"
"2017/02/06","228.9300","57729810.0000","228.8700","229.3260","228.5400"
"2017/02/03","229.3400","80474030.0000","228.8200","229.5500","228.4600"
"2017/02/02","227.7700","69506430.0000","227.2000","228.1000","226.8200"
"2017/02/01","227.6200","78927270.0000","228.2550","228.5900","226.9400"
"2017/01/31","227.5300","75379530.0000","226.9800","227.6000","226.3200"
"2017/01/30","227.5500","79549380.0000","228.1700","228.2000","226.4100"
"2017/01/27","228.9700","59643600.0000","229.4200","229.5900","228.7600"
"2017/01/26","229.3300","59753620.0000","229.4000","229.7100","229.0100"
"2017/01/25","229.5700","84105490.0000","228.7000","229.5700","228.5100"
"2017/01/24","227.6000","95251650.0000","226.4000","228.0800","226.2700"
"2017/01/23","226.1500","74924440.0000","226.3500","226.8050","225.2700"
"2017/01/20","226.7400","126753400.0000","226.7000","227.3100","225.9719"
"2017/01/19","225.9100","66166860.0000","226.8400","227.0000","225.4100"
"2017/01/18","226.7500","54598260.0000","226.5350","226.8000","225.9000"
"2017/01/17","226.2500","61098430.0000","226.3100","226.7800","225.8000"
"2017/01/13","227.0500","62681260.0000","226.7300","227.4000","226.6900"
"2017/01/12","226.5300","72028310.0000","226.5000","226.7500","224.9550"
"2017/01/11","227.1000","74510600.0000","226.3600","227.1000","225.5900"
"2017/01/10","226.4600","63204500.0000","226.4800","227.4500","226.0100"
"2017/01/09","226.4600","46723610.0000","226.9100","227.0701","226.4163"
"2017/01/06","227.2100","71356460.0000","226.5300","227.7500","225.9000"
"2017/01/05","226.4000","78291080.0000","226.2700","226.5800","225.4800"
"2017/01/04","226.5800","78458530.0000","225.6200","226.7500","225.6100"
"2017/01/03","225.2400","91087570.0000","225.0400","225.8300","223.8837"
"2016/12/30","223.5300","108693200.0000","224.7300","224.8300","222.7300"
"2016/12/29","224.3500","48614080.0000","224.4800","224.8900","223.8400"
"2016/12/28","224.4000","64009720.0000","226.5700","226.5900","224.2700"
"2016/12/27","226.2700","42619920.0000","226.0200","226.7300","226.0000"
"2016/12/23","225.7100","36670460.0000","225.4300","225.7200","225.2100"
"2016/12/22","225.3800","55966720.0000","225.6000","225.7400","224.9200"
"2016/12/21","225.7700","67782110.0000","226.2500","226.4500","225.7700"
"2016/12/20","226.4000","89669640.0000","226.1500","226.5700","225.8800"
"2016/12/19","225.5300","90032620.0000","225.2500","226.0200","225.0800"
"2016/12/16","225.0400","156228600.0000","226.0100","226.0800","224.6700"
"2016/12/15","226.8100","123647300.0000","226.1600","227.8100","225.8904"
"2016/12/14","225.8800","141538000.0000","227.4100","228.2300","225.3650"
"2016/12/13","227.7600","110247300.0000","227.0200","228.3400","227.0000"
"2016/12/12","226.2500","101715300.0000","226.4000","226.9600","225.7600"
"2016/12/09","226.5100","87827850.0000","225.4100","226.5300","225.3700"
"2016/12/08","225.1500","96247920.0000","224.5700","225.7000","224.2600"
"2016/12/07","224.6000","110194800.0000","221.5200","224.6700","221.3800"
"2016/12/06","221.7000","59512650.0000","221.2200","221.7441","220.6620"
"2016/12/05","221.0000","67101250.0000","220.6500","221.4000","220.4200"
"2016/12/02","219.6800","74621240.0000","219.6700","220.2500","219.2600"
"2016/12/01","219.5700","78874240.0000","220.7300","220.7300","219.1500"
"2016/11/30","220.3800","112309600.0000","221.6300","221.8200","220.3100"
"2016/11/29","220.9100","69579660.0000","220.5200","221.4400","220.1700"
"2016/11/28","220.4800","76527520.0000","221.1600","221.4800","220.3600"
"2016/11/25","221.5200","37872260.0000","221.1000","221.5600","221.0100"
"2016/11/23","220.7000","56502980.0000","219.9800","220.7600","219.7500"
"2016/11/22","220.5800","67275320.0000","220.5100","220.7900","219.7300"
"2016/11/21","220.1500","72151670.0000","219.1700","220.1800","219.0000"
"2016/11/18","218.5000","86161200.0000","219.0700","219.2700","218.2900"
"2016/11/17","218.9900","69130300.0000","218.0500","219.0600","217.9200"
"2016/11/16","217.8700","65385810.0000","217.5600","218.1400","217.4200"
"2016/11/15","218.2800","91367180.0000","217.0400","218.2800","216.8000"
"2016/11/14","216.5900","94378460.0000","217.0300","217.2700","215.7200"
"2016/11/11","216.4200","100424400.0000","216.0800","216.7000","215.3200"
"2016/11/10","216.9200","171730900.0000","217.3000","218.3100","215.2200"
"2016/11/09","216.3792","257961800.0000","212.3700","217.1000","212.3400"
"2016/11/08","214.1100","104838900.0000","212.6900","214.7700","212.3800"
"2016/11/07","213.1500","109397700.0000","211.4500","213.1900","211.3000"
"2016/11/04","208.5500","108488200.0000","208.9100","209.8900","208.3800"
"2016/11/03","208.7800","88715720.0000","209.9900","210.2400","208.4600"
"2016/11/02","209.7400","102709200.0000","210.6500","211.1000","209.2300"
"2016/11/01","211.0100","122395800.0000","212.9300","212.9900","209.6000"
"2016/10/31","212.5500","60669300.0000","212.9300","213.1900","212.3600"
"2016/10/28","212.5400","140491700.0000","213.1400","213.9300","211.7100"
"2016/10/27","213.1700","77031450.0000","214.5800","214.6200","213.0800"
"2016/10/26","213.7400","75561030.0000","213.2100","214.4200","212.9300"
"2016/10/25","214.1700","66356080.0000","214.6800","214.9800","213.9800"
"2016/10/24","214.8900","59934750.0000","215.0000","215.3200","214.4800"
"2016/10/21","213.9800","88974470.0000","212.9600","214.0800","212.7600"
"2016/10/20","213.8800","73492220.0000","213.8700","214.5300","213.1100"
"2016/10/19","214.2800","66342420.0000","214.0200","214.6400","213.6000"
"2016/10/18","213.7100","76618560.0000","214.2400","214.3100","213.2700"
"2016/10/17","212.3800","58185200.0000","213.0900","213.3900","212.1700"
"2016/10/14","213.1200","93285170.0000","214.1500","214.6900","213.0300"
"2016/10/13","213.0100","101184500.0000","212.1600","213.5900","211.2100"
"2016/10/12","213.7100","73322980.0000","213.5900","214.3200","213.0100"
"2016/10/11","213.4300","130183700.0000","215.6600","215.7400","212.5800"
"2016/10/10","216.1600","51620410.0000","216.1550","216.7000","215.9850"
"2016/10/07","215.0400","89597910.0000","216.1000","216.3000","214.1900"
"2016/10/06","215.7800","62519840.0000","215.3700","216.0400","214.7350"
"2016/10/05","215.6300","72685460.0000","215.4100","216.1300","215.3300"
"2016/10/04","214.6800","119749100.0000","215.9100","216.1700","213.9900"
"2016/10/03","215.7800","83386110.0000","215.8200","216.0400","215.0400"
"2016/09/30","216.3000","115113500.0000","215.6500","217.1200","215.3600"
"2016/09/29","214.6800","127225400.0000","216.4000","216.8700","214.0400"
"2016/09/28","216.6400","87095790.0000","215.8300","216.8200","214.7100"
"2016/09/27","215.5700","77854200.0000","214.0500","215.6800","213.6200"
"2016/09/26","214.2400","89700700.0000","215.0200","215.2300","214.0100"
"2016/09/23","215.9900","73464500.0000","216.7200","216.8800","215.8800"
"2016/09/22","217.1800","76535390.0000","217.0000","217.5300","216.7100"
"2016/09/21","215.8200","110068700.0000","214.2400","216.0300","213.4400"
"2016/09/20","213.4200","69217930.0000","214.4100","214.5900","213.3800"
"2016/09/19","213.4100","80099180.0000","214.1300","214.8800","213.0300"
"2016/09/16","213.3700","155109000.0000","213.4800","213.6900","212.5700"
"2016/09/15","215.2800","144092600.0000","212.9600","215.7300","212.7500"
"2016/09/14","213.1500","133064600.0000","213.2900","214.7000","212.5000"
"2016/09/13","213.2300","182323200.0000","214.8400","215.1499","212.5000"
"2016/09/12","216.3400","167653400.0000","212.3900","216.8100","212.3100"
"2016/09/09","213.2800","220309300.0000","216.9700","217.0300","213.2500"
"2016/09/08","218.5100","73855230.0000","218.6200","218.9400","218.1500"
"2016/09/07","219.0100","76302150.0000","218.8400","219.2200","218.3000"
"2016/09/06","219.0308","56528000.0000","218.7000","219.1200","217.8600"
"2016/09/02","218.3700","79119470.0000","218.3900","218.8700","217.7000"
"2016/09/01","217.3900","97720490.0000","217.3700","217.7300","216.0300"
"2016/08/31","217.3800","84916020.0000","217.6100","217.7500","216.4650"
"2016/08/30","218.0000","57588550.0000","218.2600","218.5900","217.3500"
"2016/08/29","218.3608","70431280.0000","217.4400","218.6650","217.4000"
"2016/08/26","217.2900","122386400.0000","217.9200","219.1200","216.2500"
"2016/08/25","217.7000","69128600.0000","217.4000","218.1900","217.2200"
"2016/08/24","217.8500","71553010.0000","218.8000","218.9100","217.3600"
"2016/08/23","218.9700","53289030.0000","219.2500","219.6000","218.9000"
"2016/08/22","218.5300","61318460.0000","218.2600","218.8000","217.8300"
"2016/08/19","218.5400","75244030.0000","218.3100","218.7500","217.7400"
"2016/08/18","218.8600","52668540.0000","218.3400","218.9000","218.2100"
"2016/08/17","218.3700","74886240.0000","218.0000","218.5300","217.0200"
"2016/08/16","217.9600","53068810.0000","218.6000","218.6800","217.9600"
"2016/08/15","219.0900","49712550.0000","218.8900","219.5000","218.8800"
"2016/08/12","218.4600","61208890.0000","218.2900","218.7100","217.9900"
"2016/08/11","218.6500","72337050.0000","218.2600","218.9400","217.9500"
"2016/08/10","217.6400","57758740.0000","218.3100","218.4038","217.2300"
"2016/08/09","218.1800","51073070.0000","218.1300","218.7600","217.8000"
"2016/08/08","218.0500","39681420.0000","218.4000","218.5200","217.7400"
"2016/08/05","218.1800","71799630.0000","217.2100","218.2300","217.0700"
"2016/08/04","216.4097","46454000.0000","216.3100","216.7800","214.2500"
"2016/08/03","216.1800","53665810.0000","215.4800","216.2450","215.1300"
"2016/08/02","215.5492","92202880.0000","216.6500","216.8300","214.5700"
"2016/08/01","216.9400","73111310.0000","217.1900","217.6500","216.4050"
"2016/07/29","217.1200","79329720.0000","216.4600","217.5400","216.1300"
"2016/07/28","216.7700","64786550.0000","216.2900","217.1100","215.7500"
"2016/07/27","216.5200","83930010.0000","217.1900","217.2700","215.6200"
"2016/07/26","216.7500","69685850.0000","216.5300","217.1700","215.7600"
"2016/07/25","216.6500","55742050.0000","217.0000","217.0600","215.9700"
"2016/07/22","217.2400","62676500.0000","216.4100","217.3000","216.1000"
"2016/07/21","216.2650","67610880.0000","216.9600","217.2200","215.7500"
"2016/07/20","217.0850","58004900.0000","216.7500","217.3700","216.2400"
"2016/07/19","216.1900","54247840.0000","215.9200","216.2300","215.6300"
"2016/07/18","216.4092","58340610.0000","215.9700","216.6000","215.6700"
"2016/07/15","215.8300","103992200.0000","216.7800","217.0125","215.3080"
"2016/07/14","216.1200","90720450.0000","216.4000","216.6700","215.6600"
"2016/07/13","214.9200","87173840.0000","215.4400","215.4500","214.3500"
"2016/07/12","214.9500","100654900.0000","214.5300","215.3000","213.4308"
"2016/07/11","213.4000","73418870.0000","213.1900","214.0700","212.9500"
"2016/07/08","212.6500","133850900.0000","211.0500","212.9400","210.7785"
"2016/07/07","209.5260","85409500.0000","209.8700","210.6495","208.6300"
"2016/07/06","209.6600","95760950.0000","207.8300","209.8000","207.0600"
"2016/07/05","208.4100","109446800.0000","208.9500","209.0800","207.7100"
"2016/07/01","209.9208","105955800.0000","209.3600","210.4900","209.2900"
"2016/06/30","209.4750","163408900.0000","207.2100","209.5400","206.5600"
"2016/06/29","206.6600","136758800.0000","204.8400","206.9300","204.7200"
"2016/06/28","203.1997","158940500.0000","201.4800","203.2300","201.1200"
"2016/06/27","199.6000","247488400.0000","201.5900","201.6000","198.6500"
"2016/06/24","203.1300","332774500.0000","203.6300","210.8463","202.7200"
"2016/06/23","210.8100","99651290.0000","209.8100","210.8700","209.2700"
"2016/06/22","208.1000","94503660.0000","208.6500","209.5000","207.9300"
"2016/06/21","208.4400","72259730.0000","208.3000","208.9200","207.7800"
"2016/06/20","207.8500","81546570.0000","208.8200","209.6100","207.7500"
"2016/06/17","206.5200","116531100.0000","207.1700","207.2000","205.7500"
"2016/06/16","208.3700","149194500.0000","206.7300","208.5700","205.5900"
"2016/06/15","207.7500","108745400.0000","208.5400","209.3600","207.5300"
"2016/06/14","208.0400","124789100.0000","208.0000","208.7400","206.9199"
"2016/06/13","208.4492","117376300.0000","209.3600","210.3700","208.3500"
"2016/06/10","210.0700","113245800.0000","210.4600","210.8600","209.4300"
"2016/06/09","212.0800","73672890.0000","211.5100","212.2200","211.1900"
"2016/06/08","212.3700","66060100.0000","211.8400","212.5200","211.6899"
"2016/06/07","211.6800","60838610.0000","211.5250","212.3400","211.5000"
"2016/06/06","211.3500","64648460.0000","210.7000","211.7700","210.5100"
"2016/06/03","210.2800","101655600.0000","210.2500","210.6900","208.8600"
"2016/06/02","210.9100","62885190.0000","209.8000","210.9300","209.2399"
"2016/06/01","210.2700","69743400.0000","209.1200","210.4800","208.8900"
"2016/05/31","209.8400","109644300.0000","210.5600","210.6900","209.1800"
"2016/05/27","210.2400","62797750.0000","209.5300","210.2500","209.4700"
"2016/05/26","209.3400","55114340.0000","209.4400","209.7100","208.9700"
"2016/05/25","209.2800","78870820.0000","208.6700","209.7700","207.8691"
"2016/05/24","207.8700","93092790.0000","206.1700","208.2400","206.1400"
"2016/05/23","205.2100","58582750.0000","205.5100","205.8400","204.9850"
"2016/05/20","205.4900","104892400.0000","204.9200","206.1000","204.8600"
"2016/05/19","204.2000","115151900.0000","204.0600","204.5400","202.7800"
"2016/05/18","204.9100","122696600.0000","204.4400","206.3000","203.6300"
"2016/05/17","204.8508","114246600.0000","206.4600","206.8000","204.2300"
"2016/05/16","206.7800","77216300.0000","204.9600","207.3400","204.8900"
"2016/05/13","204.7600","96387930.0000","206.2100","206.8600","204.3800"
"2016/05/12","206.5600","89316340.0000","207.2900","207.4899","205.3700"
"2016/05/11","206.5000","81565790.0000","207.9100","208.5400","206.5000"
"2016/05/10","208.4500","77228060.0000","206.7200","208.5000","206.6400"
"2016/05/09","205.8892","73526600.0000","205.5700","206.4000","205.3600"
"2016/05/06","205.7200","88045660.0000","204.0600","205.7700","203.8800"
"2016/05/05","204.9700","67381980.0000","205.5600","205.9800","204.4700"
"2016/05/04","205.0100","92014370.0000","204.9900","205.8500","204.4200"
"2016/05/03","206.1592","106174100.0000","206.5200","206.8000","205.2800"
"2016/05/02","207.9700","61966240.0000","206.9200","208.1800","206.4100"
"2016/04/29","206.3308","142309300.0000","206.7200","207.1300","205.0300"
"2016/04/28","207.4475","96764540.0000","208.4600","209.7600","206.9600"
"2016/04/27","209.3500","77218000.0000","208.4700","209.8100","208.0500"
"2016/04/26","208.9192","75483500.0000","209.0400","209.5200","208.3600"
"2016/04/25","208.6100","65967270.0000","208.2600","208.6600","207.5400"
"2016/04/22","208.9700","99214080.0000","208.5500","209.2900","207.9100"
"2016/04/21","208.9700","85132680.0000","210.1200","210.2500","208.6500"
"2016/04/20","210.1000","81035560.0000","209.9500","210.9200","209.3900"
"2016/04/19","209.9000","87275610.0000","209.7400","210.2000","208.9400"
"2016/04/18","209.2392","82211220.0000","207.1400","209.2800","207.0000"
"2016/04/15","207.7800","75684740.0000","208.0100","208.1721","207.4000"
"2016/04/14","208.0100","65046200.0000","208.0700","208.6000","207.6000"
"2016/04/13","208.0008","95684760.0000","207.0000","208.1000","206.8400"
"2016/04/12","205.9200","114890500.0000","204.2200","206.2500","203.7000"
"2016/04/11","204.0201","82561530.0000","205.2500","206.0700","203.9100"
"2016/04/08","204.4992","94933720.0000","205.3400","205.8500","203.8700"
"2016/04/07","203.9500","112324600.0000","205.1400","205.5600","203.0900"
"2016/04/06","206.4200","91660050.0000","204.2900","206.4900","203.9800"
"2016/04/05","204.1892","98648990.0000","204.6700","206.2642","203.8900"
"2016/04/04","206.2500","62656120.0000","206.8300","207.0700","205.8900"
"2016/04/01","206.9200","113272000.0000","204.3500","207.1400","203.9800"
"2016/03/31","205.5200","94146900.0000","205.9100","206.4100","205.3300"
"2016/03/30","206.0200","85684320.0000","206.3000","206.8700","205.5900"
"2016/03/29","205.1208","92553650.0000","202.7600","205.2500","202.4000"
"2016/03/28","203.2400","61741680.0000","203.6100","203.8600","202.7050"
"2016/03/24","203.1200","84028660.0000","202.0000","203.1600","201.7400"
"2016/03/23","203.2092","80899020.0000","204.1100","204.3300","203.0100"
"2016/03/22","204.5600","96745330.0000","203.7600","205.2300","203.5700"
"2016/03/21","204.6700","72727510.0000","204.0700","204.9400","203.8000"
"2016/03/18","204.3800","135476400.0000","204.1700","204.7800","203.8000"
"2016/03/17","204.6300","133787600.0000","203.2400","205.2300","202.7700"
"2016/03/16","203.3400","128519100.0000","201.6000","203.8200","201.5500"
"2016/03/15","202.1700","92992420.0000","201.3600","202.5307","201.0500"
"2016/03/14","202.5000","73478740.0000","202.1600","203.0400","201.7700"
"2016/03/11","202.7600","137871100.0000","201.2600","202.8100","199.5179"
"2016/03/10","199.5400","156599200.0000","199.9600","201.0700","197.3800"
"2016/03/09","199.3800","94522340.0000","199.3600","199.7900","198.4300"
"2016/03/08","198.4000","123663900.0000","199.3200","199.9200","198.2100"
"2016/03/07","200.5900","99829000.0000","199.3400","201.0700","199.2500"
"2016/03/04","200.4300","128969300.0000","200.0100","201.3500","199.0300"
"2016/03/03","199.7750","94976900.0000","198.7900","199.7950","198.1100"
"2016/03/02","199.0000","102132500.0000","197.7400","199.0600","197.2500"
"2016/03/01","198.1100","141407600.0000","195.0100","198.2100","194.4542"
"2016/02/29","193.5600","125170000.0000","195.1100","196.2300","193.3300"
"2016/02/26","195.0892","129366900.0000","196.5700","196.6800","194.9000"
"2016/02/25","195.5400","110203000.0000","193.7300","195.5500","192.8300"
"2016/02/24","193.2000","150565000.0000","190.6300","193.5300","189.3200"
"2016/02/23","192.3200","111231000.0000","194.0000","194.3200","192.1800"
"2016/02/22","194.7800","103194800.0000","193.8700","194.9500","193.7900"
"2016/02/19","192.0000","114694400.0000","191.1700","192.1800","190.4500"
"2016/02/18","192.0900","102131000.0000","193.2000","193.2700","191.7200"
"2016/02/17","192.8800","135300500.0000","191.1600","193.3200","191.0100"
"2016/02/16","189.7800","119814000.0000","188.7700","189.8100","187.6300"
"2016/02/12","186.6300","127537400.0000","184.9600","186.6500","183.9600"
"2016/02/11","182.8600","218528800.0000","182.3400","184.1000","181.0900"
"2016/02/10","185.2700","147537200.0000","186.4100","188.3400","185.1200"
"2016/02/09","185.4300","183477200.0000","183.3600","186.9400","183.2000"
"2016/02/08","185.4200","190784300.0000","185.7700","186.1200","182.8000"
"2016/02/05","187.9500","180617400.0000","190.9900","191.6696","187.2000"
"2016/02/04","191.6000","139293100.0000","190.7100","192.7500","189.9600"
"2016/02/03","191.3000","204711700.0000","191.4100","191.7800","187.1000"
"2016/02/02","190.1600","182289400.0000","191.9600","191.9700","189.5400"
"2016/02/01","193.6500","135772400.0000","192.5300","194.5800","191.8400"
"2016/01/29","193.7208","210246000.0000","190.0200","193.8800","189.8800"
"2016/01/28","189.1100","143300400.0000","189.9600","190.2000","187.1600"
"2016/01/27","188.1300","184964900.0000","189.5800","191.5600","187.0600"
"2016/01/26","190.2000","139932200.0000","188.4200","190.5300","188.0200"
"2016/01/25","187.6400","129310300.0000","189.9200","190.1500","187.4100"
"2016/01/22","190.5200","168109300.0000","189.7800","190.7600","188.8800"
"2016/01/21","186.6900","195002600.0000","186.2100","188.8700","184.6400"
"2016/01/20","185.6500","285427700.0000","185.0300","187.4950","181.0200"
"2016/01/19","188.0600","193451100.0000","189.9600","190.1100","186.2000"
"2016/01/15","187.8100","323965200.0000","186.7700","188.7600","185.5200"
"2016/01/14","191.9300","239613400.0000","189.5500","193.2600","187.6600"
"2016/01/13","188.8300","220641200.0000","194.4500","194.8600","188.3800"
"2016/01/12","193.6608","170946400.0000","193.8200","194.5500","191.1400"
"2016/01/11","192.1100","187405200.0000","193.0100","193.4100","189.8200"
"2016/01/08","191.9230","209524400.0000","195.1900","195.8500","191.5800"
"2016/01/07","194.0500","212565100.0000","195.3300","197.4400","193.5900"
"2016/01/06","198.8200","151636700.0000","198.3400","200.0600","197.6000"
"2016/01/05","201.3600","110381200.0000","201.4000","201.9000","200.0500"
"2016/01/04","201.0192","221450500.0000","200.4900","201.0300","198.5900"
"2015/12/31","203.8700","114819400.0000","205.1300","205.8900","203.8700"
"2015/12/30","205.9300","63232390.0000","207.1100","207.2100","205.7600"
"2015/12/29","207.4000","92411310.0000","206.5100","207.7900","206.4700"
"2015/12/28","205.2100","65727270.0000","204.8600","205.2600","203.9400"
"2015/12/24","205.6800","48542150.0000","205.7200","206.3300","205.4200"
"2015/12/23","206.0200","110819800.0000","204.6900","206.0700","204.5800"
"2015/12/22","203.5000","110436800.0000","202.7150","203.8500","201.5500"
"2015/12/21","201.6700","98751110.0000","201.4100","201.8800","200.0900"
"2015/12/18","200.0208","250946400.0000","202.7700","202.9300","199.8300"
"2015/12/17","204.8600","172358700.0000","208.4000","208.4800","204.8400"
"2015/12/16","208.0300","196380400.0000","206.3650","208.3900","204.8000"
"2015/12/15","205.0308","153713000.0000","204.7000","206.1100","202.8666"
"2015/12/14","202.9008","181638100.0000","202.0700","203.0500","199.9500"
"2015/12/11","201.8800","210983700.0000","203.3500","204.1400","201.5100"
"2015/12/10","205.8700","115879700.0000","205.4200","207.4300","205.1400"
"2015/12/09","205.3400","161939100.0000","206.1900","208.6800","204.1800"
"2015/12/08","206.9490","103090300.0000","206.4900","208.2890","205.7800"
"2015/12/07","208.3500","101674200.0000","209.2300","209.7295","207.2000"
"2015/12/04","209.6200","192874200.0000","206.0800","209.9700","205.9300"
"2015/12/03","205.6100","165756900.0000","208.8300","209.1500","204.7511"
"2015/12/02","208.5290","108139300.0000","210.6150","211.0000","208.2300"
"2015/12/01","210.6800","97501880.0000","209.4400","210.8200","209.1100"
"2015/11/30","208.6900","111785700.0000","209.7500","209.8900","208.5600"
"2015/11/27","209.5600","37317780.0000","209.4300","209.8000","208.8600"
"2015/11/25","209.3200","51822520.0000","209.5000","209.7400","209.0100"
"2015/11/24","209.3500","98705990.0000","207.8700","209.8300","207.4100"
"2015/11/23","209.0700","64789800.0000","209.3800","209.9800","208.5200"
"2015/11/20","209.3108","93821880.0000","209.4500","210.1200","208.8600"
"2015/11/19","208.5500","87841400.0000","208.5900","209.0500","208.2000"
"2015/11/18","208.7300","121128300.0000","206.0400","208.9000","205.9900"
"2015/11/17","205.4700","120836000.0000","205.9900","207.0400","204.8800"
"2015/11/16","205.6200","117342200.0000","202.3200","205.6900","202.1800"
"2015/11/13","202.5400","152793300.0000","204.3500","204.6700","202.4350"
"2015/11/12","204.8400","120950900.0000","206.5000","207.0600","204.8200"
"2015/11/11","207.7400","67716950.0000","208.8800","208.9400","207.6600"
"2015/11/10","208.5600","75769150.0000","207.5100","208.6000","207.1900"
"2015/11/09","208.0800","130856000.0000","209.3100","209.4900","206.9500"
"2015/11/06","210.0400","110389000.0000","209.7400","210.3200","208.4600"
"2015/11/05","210.1500","78166140.0000","210.4300","210.9800","209.0900"
"2015/11/04","210.3600","95668530.0000","211.3500","211.5000","209.7201"
"2015/11/03","211.0000","95133060.0000","209.9700","211.6600","209.7000"
"2015/11/02","210.3900","86052980.0000","208.3200","210.6200","208.1700"
"2015/10/30","207.9300","131012600.0000","209.0600","209.4400","207.7400"
"2015/10/29","208.8300","90191780.0000","208.3500","209.2700","208.2100"
"2015/10/28","208.9500","135620300.0000","207.0000","208.9800","206.2100"
"2015/10/27","206.6000","77709730.0000","206.2000","207.0000","205.7900"
"2015/10/26","207.0000","68281240.0000","207.3000","207.3700","206.5600"
"2015/10/23","207.5100","144366100.0000","207.2500","207.9500","206.3000"
"2015/10/22","205.2600","174152100.0000","202.9800","205.5100","201.8500"
"2015/10/21","201.8500","101841800.0000","203.6100","203.7900","201.6500"
"2015/10/20","203.0900","78214510.0000","202.8500","203.8400","202.5471"
"2015/10/19","203.3700","76365770.0000","202.5000","203.3700","202.1300"
"2015/10/16","203.2700","114037700.0000","202.8300","203.2900","201.9200"
"2015/10/15","202.3500","133837900.0000","200.0800","202.3600","199.6400"
"2015/10/14","199.2900","98864500.0000","200.1800","200.8700","198.9400"
"2015/10/13","200.2500","87873100.0000","200.6500","202.1600","200.0500"
"2015/10/12","201.5200","56154070.0000","201.4200","201.7600","200.9100"
"2015/10/09","201.3300","106392100.0000","201.3800","201.9000","200.5800"
"2015/10/08","201.2100","151731000.0000","198.9500","201.5500","198.5900"
"2015/10/07","199.4100","123927900.0000","198.9000","199.8250","197.4800"
"2015/10/06","197.7900","109924000.0000","198.3100","198.9800","197.0000"
"2015/10/05","198.4700","125618900.0000","196.4600","198.7400","196.3300"
"2015/10/02","195.0000","209995600.0000","189.7700","195.0300","189.1200"
"2015/10/01","192.1300","130248900.0000","192.0800","192.4900","189.8200"
"2015/09/30","191.6300","162862400.0000","190.3700","191.8250","189.4400"
"2015/09/29","188.1200","158394800.0000","188.2700","189.7400","186.9300"
"2015/09/28","188.0100","176317600.0000","191.7800","191.9100","187.6400"
"2015/09/25","192.8500","154595000.0000","194.6400","195.0000","191.8100"
"2015/09/24","192.9000","158490600.0000","192.1500","193.4500","190.5600"
"2015/09/23","193.6000","92548910.0000","194.1100","194.6700","192.9100"
"2015/09/22","193.9100","153492000.0000","193.8800","194.4600","192.5600"
"2015/09/21","196.4600","105229400.0000","196.4400","197.6800","195.2100"
"2015/09/18","195.4500","222607600.0000","195.7100","198.6844","194.9600"
"2015/09/17","199.7300","275634900.0000","200.0200","202.8900","199.2800"
"2015/09/16","200.1800","99206800.0000","198.8200","200.4100","198.4100"
"2015/09/15","198.4600","112339400.0000","196.6100","198.9900","195.9612"
"2015/09/14","196.0100","79365650.0000","196.9500","197.0100","195.4300"
"2015/09/11","196.7400","119507200.0000","195.3750","196.8200","194.5300"
"2015/09/10","195.8500","158318900.0000","194.5600","197.2200","194.2500"
"2015/09/09","194.7900","147649100.0000","199.3200","199.4700","194.3500"
"2015/09/08","197.4300","115807000.0000","195.9400","197.6100","195.1700"
"2015/09/04","192.5900","204620400.0000","192.8500","193.8600","191.6100"
"2015/09/03","195.5500","151957000.0000","196.2600","198.0500","194.9600"
"2015/09/02","195.4100","159445200.0000","194.6200","195.4600","192.4200"
"2015/09/01","191.7700","253561300.0000","193.1200","194.7700","190.7300"
"2015/08/31","197.6700","160296200.0000","198.1100","199.1250","197.0100"
"2015/08/28","199.2800","160338700.0000","198.5000","199.8350","197.9200"
"2015/08/27","199.2700","273700600.0000","197.0200","199.4200","195.2100"
"2015/08/26","194.4600","338718200.0000","192.0800","194.7900","188.3700"
"2015/08/25","187.2700","367623500.0000","195.4300","195.4500","186.9200"
"2015/08/24","189.5000","506257800.0000","187.4900","197.4772","182.4000"
"2015/08/21","197.6300","343611100.0000","201.7300","203.9404","197.5200"
"2015/08/20","203.9700","193680300.0000","206.5100","208.2865","203.9000"
"2015/08/19","208.3200","172781100.0000","209.0900","210.0100","207.3500"
"2015/08/18","209.9800","71661990.0000","210.2600","210.6800","209.6990"
"2015/08/17","210.5900","78915420.0000","208.7100","210.5900","208.1600"
"2015/08/14","209.4200","72570710.0000","208.4300","209.5087","208.2600"
"2015/08/13","208.6600","89169630.0000","208.7300","209.5500","208.0100"
"2015/08/12","208.9200","171911200.0000","207.1100","209.1400","205.3600"
"2015/08/11","208.6700","125935000.0000","208.9700","209.4700","207.7600"
"2015/08/10","210.5700","79681690.0000","209.2800","210.6700","209.2800"
"2015/08/07","207.9500","117703500.0000","208.1600","208.3400","206.8700"
"2015/08/06","208.3500","110243400.0000","210.2900","210.4150","207.6500"
"2015/08/05","210.0700","85589800.0000","210.4500","211.3100","209.7300"
"2015/08/04","209.3800","81526350.0000","209.7000","210.2483","208.8000"
"2015/08/03","209.7900","113432300.0000","210.4600","210.5300","208.6500"
"2015/07/31","210.5000","102661200.0000","211.4200","211.4500","210.1600"
"2015/07/30","210.8200","91218060.0000","210.1600","211.0200","209.4200"
"2015/07/29","210.7700","104940200.0000","209.4800","211.0400","209.3100"
"2015/07/28","209.3300","122370300.0000","207.7900","209.5000","206.8000"
"2015/07/27","206.7900","130669700.0000","206.9400","207.5500","206.2600"
"2015/07/24","208.0000","117558700.0000","210.3000","210.3700","207.6000"
"2015/07/23","210.1800","90364920.0000","211.5300","211.6500","209.7500"
"2015/07/22","211.3700","88346410.0000","210.9300","211.7700","210.8900"
"2015/07/21","211.7500","77743460.0000","212.4300","212.7400","211.3900"
"2015/07/20","212.5900","70280430.0000","212.7500","213.1800","212.2100"
"2015/07/17","212.4800","88094480.0000","212.2900","212.5500","211.8000"
"2015/07/16","212.3000","105988600.0000","211.8700","212.3000","211.5800"
"2015/07/15","210.6100","97532900.0000","210.7300","211.2800","210.0400"
"2015/07/14","210.6800","81287840.0000","209.7200","211.0500","209.6500"
"2015/07/13","209.7700","105721800.0000","208.9900","209.9000","208.9400"
"2015/07/10","207.4800","129124200.0000","207.2900","207.9800","204.9517"
"2015/07/09","204.9000","141251300.0000","207.0400","207.3500","204.7700"
"2015/07/08","204.5300","163538700.0000","206.4500","206.7645","204.2500"
"2015/07/07","208.0200","173452600.0000","206.9600","208.1700","204.1100"
"2015/07/06","206.7200","117560100.0000","205.7700","207.6500","205.5300"
"2015/07/02","207.3100","104256300.0000","208.0700","208.2700","206.8100"
"2015/07/01","207.5000","134195600.0000","207.7300","208.0300","206.5600"
"2015/06/30","205.8500","182761900.0000","207.2600","207.3200","205.2800"
"2015/06/29","205.4200","194187600.0000","208.0450","209.8280","205.3300"
"2015/06/26","209.8200","103470400.0000","210.2900","210.5800","209.1600"
"2015/06/25","209.8600","97026210.0000","211.1000","211.2500","209.7700"
"2015/06/24","210.5000","92151530.0000","211.7200","212.1700","210.4700"
"2015/06/23","212.0400","68053640.0000","212.1400","212.4400","211.5700"
"2015/06/22","211.8900","70514900.0000","211.9050","212.5900","211.6400"
"2015/06/19","210.8100","130219500.0000","211.4600","211.5500","210.3600"
"2015/06/18","212.7800","164892200.0000","211.3100","213.3400","210.6315"
"2015/06/17","210.5900","126642800.0000","210.5900","211.3200","209.3600"
"2015/06/16","210.2500","85152890.0000","208.9300","210.3500","208.7200"
"2015/06/15","209.1100","124240100.0000","208.6400","209.4500","207.7900"
"2015/06/12","210.0100","135327800.0000","210.6400","211.4820","209.6800"
"2015/06/11","211.6300","73755850.0000","211.4800","212.0900","211.2000"
"2015/06/10","210.9500","133678600.0000","209.3700","211.4100","209.2987"
"2015/06/09","208.4500","104826800.0000","208.4500","209.1000","207.6900"
"2015/06/08","208.4800","88866040.0000","209.6400","209.8200","208.3900"
"2015/06/05","209.7700","121669100.0000","209.9500","210.5800","208.9800"
"2015/06/04","210.1292","151747400.0000","211.0700","211.8590","209.7500"
"2015/06/03","211.9200","87704660.0000","212.0000","212.6700","211.3301"
"2015/06/02","211.3600","91438580.0000","211.0200","212.1900","210.2700"
"2015/06/01","211.5700","93171140.0000","211.9400","212.3400","210.6200"
